"RelativePath","Bytes","Modified"
"00_交付说明.txt","1489","2026-07-13 19:10:41"
"01_离线可直接浏览网站\.assetsignore","24","2026-07-13 16:19:34"
"01_离线可直接浏览网站\.vite\manifest.json","3075","2026-07-13 16:19:34"
"01_离线可直接浏览网站\_headers","125","2026-07-13 16:19:34"
"01_离线可直接浏览网站\about\company\index.html","8208","2026-07-13 18:56:50"
"01_离线可直接浏览网站\about\culture\index.html","8226","2026-07-13 18:56:50"
"01_离线可直接浏览网站\about\hangzhou\index.html","8180","2026-07-13 18:56:50"
"01_离线可直接浏览网站\about\index.html","8288","2026-07-13 18:56:50"
"01_离线可直接浏览网站\about\qiantang\index.html","8295","2026-07-13 18:56:50"
"01_离线可直接浏览网站\about\rd-quality\index.html","8263","2026-07-13 18:56:50"
"01_离线可直接浏览网站\about\wisdom\index.html","8161","2026-07-13 18:56:50"
"01_离线可直接浏览网站\applications\100x70t-station\index.html","9306","2026-07-13 18:56:50"
"01_离线可直接浏览网站\applications\airport-rail\index.html","9277","2026-07-13 18:56:49"
"01_离线可直接浏览网站\applications\bus-hub\index.html","9253","2026-07-13 18:56:49"
"01_离线可直接浏览网站\applications\data-center-backup\index.html","9315","2026-07-13 18:56:49"
"01_离线可直接浏览网站\applications\highway-service\index.html","9312","2026-07-13 18:56:49"
"01_离线可直接浏览网站\applications\index.html","14534","2026-07-13 18:56:49"
"01_离线可直接浏览网站\applications\logistics-park\index.html","9291","2026-07-13 18:56:49"
"01_离线可直接浏览网站\applications\marine-port\index.html","9252","2026-07-13 18:56:49"
"01_离线可直接浏览网站\applications\medical-backup\index.html","9346","2026-07-13 18:56:49"
"01_离线可直接浏览网站\applications\mine-port-heavy\index.html","9308","2026-07-13 18:56:50"
"01_离线可直接浏览网站\applications\plateau-border\index.html","9315","2026-07-13 18:56:50"
"01_离线可直接浏览网站\applications\remote-offgrid\index.html","9312","2026-07-13 18:56:49"
"01_离线可直接浏览网站\applications\retrofit-mine-truck\index.html","9322","2026-07-13 18:56:50"
"01_离线可直接浏览网站\applications\rural-agri\index.html","9290","2026-07-13 18:56:49"
"01_离线可直接浏览网站\applications\smart-park-campus\index.html","9297","2026-07-13 18:56:50"
"01_离线可直接浏览网站\applications\tourism\index.html","9203","2026-07-13 18:56:49"
"01_离线可直接浏览网站\applications\trunk-heavy\index.html","9265","2026-07-13 18:56:49"
"01_离线可直接浏览网站\applications\v2x-emergency\index.html","9321","2026-07-13 18:56:49"
"01_离线可直接浏览网站\assets\cortex\cortex-01.png","1998543","2026-07-02 09:45:28"
"01_离线可直接浏览网站\assets\cortex\cortex-02.png","1574253","2026-07-02 09:45:34"
"01_离线可直接浏览网站\assets\cortex\cortex-03.png","1589325","2026-07-02 09:45:40"
"01_离线可直接浏览网站\assets\cortex\cortex-04.png","1924032","2026-07-02 09:45:44"
"01_离线可直接浏览网站\assets\cortex\cortex-05.png","1882647","2026-07-02 09:45:48"
"01_离线可直接浏览网站\assets\cortex\cortex-06.png","2032905","2026-07-02 09:45:58"
"01_离线可直接浏览网站\assets\cortex\cortex-07.png","1624471","2026-07-02 09:46:02"
"01_离线可直接浏览网站\assets\cortex\cortex-08.png","1783650","2026-07-02 09:46:08"
"01_离线可直接浏览网站\assets\cortex\cortex-09.png","1832137","2026-07-02 10:06:06"
"01_离线可直接浏览网站\assets\cortex\cortex-10.png","1636978","2026-07-02 10:06:08"
"01_离线可直接浏览网站\assets\cortex\cortex-11.png","2122425","2026-07-02 10:06:14"
"01_离线可直接浏览网站\assets\cortex\cortex-12.webp","59828","2026-07-11 17:51:10"
"01_离线可直接浏览网站\assets\cortex\cortex-13.png","1496958","2026-07-02 10:06:20"
"01_离线可直接浏览网站\assets\cortex\cortex-14.png","1936568","2026-07-02 10:06:24"
"01_离线可直接浏览网站\assets\cortex\cortex-15.png","1717379","2026-07-02 10:06:30"
"01_离线可直接浏览网站\assets\cortex\cortex-15.webp","52268","2026-07-11 17:51:10"
"01_离线可直接浏览网站\assets\cortex\cortex-16.webp","97142","2026-07-11 17:51:10"
"01_离线可直接浏览网站\assets\cortex\cortex-17.png","1993324","2026-07-02 10:06:40"
"01_离线可直接浏览网站\assets\cortex\cortex-18.webp","42780","2026-07-11 17:51:10"
"01_离线可直接浏览网站\assets\editorial\compute-base.jpg","1718913","2026-07-10 22:43:18"
"01_离线可直接浏览网站\assets\editorial\compute-hero.jpg","413613","2026-07-11 01:29:38"
"01_离线可直接浏览网站\assets\editorial\energyos-lab.jpg","520822","2026-07-11 01:29:42"
"01_离线可直接浏览网站\assets\editorial\extreme-hero.jpg","423312","2026-07-11 01:29:40"
"01_离线可直接浏览网站\assets\editorial\fixed-product-matrix.jpg","452803","2026-07-11 01:29:46"
"01_离线可直接浏览网站\assets\editorial\heavy-hero.jpg","155222","2026-07-11 01:33:00"
"01_离线可直接浏览网站\assets\editorial\heavy-operations.jpg","145970","2026-07-11 01:29:40"
"01_离线可直接浏览网站\assets\editorial\hero-factory.jpg","2182596","2026-07-10 22:43:18"
"01_离线可直接浏览网站\assets\editorial\mobile-network.jpg","447624","2026-07-11 01:29:42"
"01_离线可直接浏览网站\assets\editorial\mobile-product-matrix.jpg","354017","2026-07-11 01:29:44"
"01_离线可直接浏览网站\assets\editorial\mobile-service.jpg","574938","2026-07-11 01:29:42"
"01_离线可直接浏览网站\assets\editorial\mobile-truck.jpg","118012","2026-07-10 22:43:18"
"01_离线可直接浏览网站\assets\editorial\network.jpg","199111","2026-07-10 22:43:18"
"01_离线可直接浏览网站\assets\editorial\platform-hero.jpg","132061","2026-07-11 01:33:00"
"01_离线可直接浏览网站\assets\editorial\sst.jpg","156798","2026-07-10 22:43:20"
"01_离线可直接浏览网站\assets\editorial\sst-hero.jpg","208203","2026-07-11 01:29:40"
"01_离线可直接浏览网站\assets\editorial\storage-station.jpg","226139","2026-07-10 22:43:18"
"01_离线可直接浏览网站\assets\editorial\super-station.jpg","169749","2026-07-10 22:43:18"
"01_离线可直接浏览网站\assets\editorial\thunderbird.jpg","148227","2026-07-10 22:43:20"
"01_离线可直接浏览网站\assets\editorial\thunderbird-hero.jpg","418299","2026-07-11 01:29:40"
"01_离线可直接浏览网站\assets\framework-CXnKph_e.js","189805","2026-07-13 16:19:34"
"01_离线可直接浏览网站\assets\heavy-cases\49.jpg","84747","2026-07-11 17:51:06"
"01_离线可直接浏览网站\assets\heavy-cases\50.jpg","66794","2026-07-11 17:51:06"
"01_离线可直接浏览网站\assets\heavy-cases\51.jpg","71407","2026-07-11 17:51:06"
"01_离线可直接浏览网站\assets\heavy-cases\52.jpg","69760","2026-07-11 17:51:06"
"01_离线可直接浏览网站\assets\heavy-cases\53.jpg","84202","2026-07-11 17:51:06"
"01_离线可直接浏览网站\assets\heavy-cases\54.jpg","73014","2026-07-11 17:51:06"
"01_离线可直接浏览网站\assets\heavy-cases\55.jpg","171241","2026-07-11 17:51:06"
"01_离线可直接浏览网站\assets\heavy-cases\56.jpg","72799","2026-07-11 17:51:06"
"01_离线可直接浏览网站\assets\heavy-cases\57.jpg","74298","2026-07-11 17:51:06"
"01_离线可直接浏览网站\assets\heavy-cases\58.jpg","76943","2026-07-11 17:51:08"
"01_离线可直接浏览网站\assets\heavy-cases\59.jpg","71245","2026-07-11 17:51:08"
"01_离线可直接浏览网站\assets\heavy-cases\60.jpg","83775","2026-07-11 17:51:08"
"01_离线可直接浏览网站\assets\heavy-cases\61.jpg","67698","2026-07-11 17:51:08"
"01_离线可直接浏览网站\assets\heavy-cases\62.jpg","82265","2026-07-11 17:51:08"
"01_离线可直接浏览网站\assets\heavy-cases\63.jpg","77841","2026-07-11 17:51:08"
"01_离线可直接浏览网站\assets\heavy-cases\64.jpg","94321","2026-07-11 17:51:08"
"01_离线可直接浏览网站\assets\heavy-cases\65.jpg","129156","2026-07-11 17:51:08"
"01_离线可直接浏览网站\assets\index-BLtXg3zt.js","81095","2026-07-13 16:19:34"
"01_离线可直接浏览网站\assets\index-R8IqOSvT.css","24789","2026-07-13 16:19:34"
"01_离线可直接浏览网站\assets\layout-segment-context-DjFvOLFz.js","288","2026-07-13 16:19:34"
"01_离线可直接浏览网站\assets\link-CknOW3JF.js","8132","2026-07-13 16:19:34"
"01_离线可直接浏览网站\assets\official\contact-qr.png","49051","2026-07-11 22:28:52"
"01_离线可直接浏览网站\assets\official\engineering-team.png","3485701","2026-07-11 22:29:10"
"01_离线可直接浏览网站\assets\official\sebo-laidianla-lockup.png","30898","2026-07-11 22:28:58"
"01_离线可直接浏览网站\assets\official\team-culture.png","6131519","2026-07-11 22:29:04"
"01_离线可直接浏览网站\assets\official\thunderbird-product.png","2020771","2026-07-11 22:29:16"
"01_离线可直接浏览网站\assets\query-D2V9OaoK.js","1564","2026-07-13 16:19:34"
"01_离线可直接浏览网站\assets\rolldown-runtime-S-ySWqyJ.js","694","2026-07-13 16:19:34"
"01_离线可直接浏览网站\assets\router-CA0Z9DKG.js","9065","2026-07-13 16:19:34"
"01_离线可直接浏览网站\assets\v6\battery-lab.webp","118310","2026-07-13 11:34:48"
"01_离线可直接浏览网站\assets\v6\city-charging-night.webp","266796","2026-07-13 11:34:44"
"01_离线可直接浏览网站\assets\v6\city-energy-hub.webp","190206","2026-07-13 11:34:43"
"01_离线可直接浏览网站\assets\v6\co-design.webp","164544","2026-07-13 11:34:42"
"01_离线可直接浏览网站\assets\v6\data-center.webp","292096","2026-07-13 11:34:46"
"01_离线可直接浏览网站\assets\v6\extreme-robotics.webp","243876","2026-07-13 11:34:47"
"01_离线可直接浏览网站\assets\v6\logistics-mobile.webp","150302","2026-07-13 11:34:45"
"01_离线可直接浏览网站\assets\v6\mine-energy.webp","197620","2026-07-13 11:34:43"
"01_离线可直接浏览网站\assets\v6\mine-truck.webp","134256","2026-07-13 11:34:46"
"01_离线可直接浏览网站\assets\v6\mobile-compute.webp","169864","2026-07-13 11:34:46"
"01_离线可直接浏览网站\assets\v6\mobile-service.webp","294566","2026-07-13 11:34:45"
"01_离线可直接浏览网站\assets\v6\platform-architecture.webp","143090","2026-07-13 11:34:44"
"01_离线可直接浏览网站\assets\v6\polar-autonomy.webp","222982","2026-07-13 11:34:43"
"01_离线可直接浏览网站\assets\v6\polar-base.webp","124948","2026-07-13 11:34:47"
"01_离线可直接浏览网站\assets\v6\smart-factory.webp","202370","2026-07-13 11:34:48"
"01_离线可直接浏览网站\assets\v6\team-factory.webp","243718","2026-07-13 11:34:42"
"01_离线可直接浏览网站\assets\v6\team-office.webp","119658","2026-07-13 11:34:41"
"01_离线可直接浏览网站\assets\v6\team-outdoor.webp","130552","2026-07-13 11:34:41"
"01_离线可直接浏览网站\assets\V6Site-j4BbOZJ8.js","65312","2026-07-13 16:19:34"
"01_离线可直接浏览网站\careers\apply\index.html","9397","2026-07-13 18:56:50"
"01_离线可直接浏览网站\careers\index.html","7967","2026-07-13 18:56:50"
"01_离线可直接浏览网站\cases\index.html","8035","2026-07-13 18:56:50"
"01_离线可直接浏览网站\contact\channel\index.html","9392","2026-07-13 18:56:50"
"01_离线可直接浏览网站\contact\index.html","9264","2026-07-13 18:56:50"
"01_离线可直接浏览网站\contact\media\index.html","9384","2026-07-13 18:56:50"
"01_离线可直接浏览网站\contact\product-selection\index.html","9426","2026-07-13 18:56:50"
"01_离线可直接浏览网站\contact\project\index.html","9364","2026-07-13 18:56:50"
"01_离线可直接浏览网站\contact\supplier\index.html","9396","2026-07-13 18:56:50"
"01_离线可直接浏览网站\contact\technical\index.html","9381","2026-07-13 18:56:50"
"01_离线可直接浏览网站\contact\visit\index.html","9396","2026-07-13 18:56:50"
"01_离线可直接浏览网站\downloads\action\index.html","9409","2026-07-13 18:56:50"
"01_离线可直接浏览网站\downloads\index.html","7708","2026-07-13 18:56:50"
"01_离线可直接浏览网站\en\about\company\index.html","8272","2026-07-13 18:56:54"
"01_离线可直接浏览网站\en\about\culture\index.html","8294","2026-07-13 18:56:54"
"01_离线可直接浏览网站\en\about\hangzhou\index.html","8259","2026-07-13 18:56:54"
"01_离线可直接浏览网站\en\about\index.html","8431","2026-07-13 18:56:54"
"01_离线可直接浏览网站\en\about\qiantang\index.html","8369","2026-07-13 18:56:54"
"01_离线可直接浏览网站\en\about\rd-quality\index.html","8359","2026-07-13 18:56:54"
"01_离线可直接浏览网站\en\about\wisdom\index.html","8233","2026-07-13 18:56:54"
"01_离线可直接浏览网站\en\applications\100x70t-station\index.html","9436","2026-07-13 18:56:54"
"01_离线可直接浏览网站\en\applications\airport-rail\index.html","9432","2026-07-13 18:56:54"
"01_离线可直接浏览网站\en\applications\bus-hub\index.html","9404","2026-07-13 18:56:53"
"01_离线可直接浏览网站\en\applications\data-center-backup\index.html","9464","2026-07-13 18:56:54"
"01_离线可直接浏览网站\en\applications\highway-service\index.html","9458","2026-07-13 18:56:53"
"01_离线可直接浏览网站\en\applications\index.html","14911","2026-07-13 18:56:53"
"01_离线可直接浏览网站\en\applications\logistics-park\index.html","9442","2026-07-13 18:56:53"
"01_离线可直接浏览网站\en\applications\marine-port\index.html","9401","2026-07-13 18:56:53"
"01_离线可直接浏览网站\en\applications\medical-backup\index.html","9484","2026-07-13 18:56:54"
"01_离线可直接浏览网站\en\applications\mine-port-heavy\index.html","9448","2026-07-13 18:56:54"
"01_离线可直接浏览网站\en\applications\plateau-border\index.html","9453","2026-07-13 18:56:54"
"01_离线可直接浏览网站\en\applications\remote-offgrid\index.html","9452","2026-07-13 18:56:53"
"01_离线可直接浏览网站\en\applications\retrofit-mine-truck\index.html","9471","2026-07-13 18:56:54"
"01_离线可直接浏览网站\en\applications\rural-agri\index.html","9446","2026-07-13 18:56:53"
"01_离线可直接浏览网站\en\applications\smart-park-campus\index.html","9449","2026-07-13 18:56:54"
"01_离线可直接浏览网站\en\applications\tourism\index.html","9358","2026-07-13 18:56:54"
"01_离线可直接浏览网站\en\applications\trunk-heavy\index.html","9409","2026-07-13 18:56:53"
"01_离线可直接浏览网站\en\applications\v2x-emergency\index.html","9478","2026-07-13 18:56:53"
"01_离线可直接浏览网站\en\careers\apply\index.html","9572","2026-07-13 18:56:54"
"01_离线可直接浏览网站\en\careers\index.html","8060","2026-07-13 18:56:54"
"01_离线可直接浏览网站\en\cases\index.html","8165","2026-07-13 18:56:54"
"01_离线可直接浏览网站\en\contact\channel\index.html","9567","2026-07-13 18:56:54"
"01_离线可直接浏览网站\en\contact\index.html","9439","2026-07-13 18:56:54"
"01_离线可直接浏览网站\en\contact\media\index.html","9559","2026-07-13 18:56:54"
"01_离线可直接浏览网站\en\contact\product-selection\index.html","9601","2026-07-13 18:56:54"
"01_离线可直接浏览网站\en\contact\project\index.html","9539","2026-07-13 18:56:54"
"01_离线可直接浏览网站\en\contact\supplier\index.html","9571","2026-07-13 18:56:54"
"01_离线可直接浏览网站\en\contact\technical\index.html","9556","2026-07-13 18:56:54"
"01_离线可直接浏览网站\en\contact\visit\index.html","9571","2026-07-13 18:56:54"
"01_离线可直接浏览网站\en\downloads\action\index.html","9584","2026-07-13 18:56:54"
"01_离线可直接浏览网站\en\downloads\index.html","7890","2026-07-13 18:56:54"
"01_离线可直接浏览网站\en\index.html","21632","2026-07-13 18:56:51"
"01_离线可直接浏览网站\en\insights\action\index.html","9593","2026-07-13 18:56:54"
"01_离线可直接浏览网站\en\insights\index.html","7794","2026-07-13 18:56:54"
"01_离线可直接浏览网站\en\laidianla\battery-bank\index.html","8173","2026-07-13 18:56:52"
"01_离线可直接浏览网站\en\laidianla\battery-bank\start\index.html","9713","2026-07-13 18:56:55"
"01_离线可直接浏览网站\en\laidianla\emergency\index.html","8144","2026-07-13 18:56:52"
"01_离线可直接浏览网站\en\laidianla\emergency\start\index.html","9701","2026-07-13 18:56:55"
"01_离线可直接浏览网站\en\laidianla\index.html","11943","2026-07-13 18:56:52"
"01_离线可直接浏览网站\en\laidianla\mobile-charging\index.html","8169","2026-07-13 18:56:52"
"01_离线可直接浏览网站\en\laidianla\mobile-charging\start\index.html","9725","2026-07-13 18:56:55"
"01_离线可直接浏览网站\en\laidianla\partner-network\index.html","8158","2026-07-13 18:56:53"
"01_离线可直接浏览网站\en\laidianla\partner-network\start\index.html","9725","2026-07-13 18:56:55"
"01_离线可直接浏览网站\en\laidianla\smart-scrutiny\index.html","8169","2026-07-13 18:56:52"
"01_离线可直接浏览网站\en\laidianla\smart-scrutiny\start\index.html","9721","2026-07-13 18:56:55"
"01_离线可直接浏览网站\en\laidianla\smart-servicing\index.html","8178","2026-07-13 18:56:52"
"01_离线可直接浏览网站\en\laidianla\smart-servicing\start\index.html","9725","2026-07-13 18:56:54"
"01_离线可直接浏览网站\en\laidianla\smart-stewardship\index.html","8184","2026-07-13 18:56:52"
"01_离线可直接浏览网站\en\laidianla\smart-stewardship\start\index.html","9733","2026-07-13 18:56:55"
"01_离线可直接浏览网站\en\laidianla\smart-sustaining\index.html","8163","2026-07-13 18:56:52"
"01_离线可直接浏览网站\en\laidianla\smart-sustaining\start\index.html","9729","2026-07-13 18:56:54"
"01_离线可直接浏览网站\en\laidianla\start\index.html","9565","2026-07-13 18:56:52"
"01_离线可直接浏览网站\en\laidianla\super-truck-station\index.html","8196","2026-07-13 18:56:52"
"01_离线可直接浏览网站\en\laidianla\super-truck-station\start\index.html","9741","2026-07-13 18:56:55"
"01_离线可直接浏览网站\en\laidianla\vehicle-ai\index.html","8135","2026-07-13 18:56:52"
"01_离线可直接浏览网站\en\laidianla\vehicle-ai\start\index.html","9705","2026-07-13 18:56:55"
"01_离线可直接浏览网站\en\media\action\index.html","9581","2026-07-13 18:56:54"
"01_离线可直接浏览网站\en\media\index.html","7753","2026-07-13 18:56:54"
"01_离线可直接浏览网站\en\news\action\index.html","9561","2026-07-13 18:56:54"
"01_离线可直接浏览网站\en\news\application-framework\index.html","8253","2026-07-13 18:56:54"
"01_离线可直接浏览网站\en\news\engineering-evidence\index.html","8233","2026-07-13 18:56:54"
"01_离线可直接浏览网站\en\news\index.html","8955","2026-07-13 18:56:54"
"01_离线可直接浏览网站\en\news\v6-blueprint\index.html","8185","2026-07-13 18:56:54"
"01_离线可直接浏览网站\en\solutions\assessment\index.html","9582","2026-07-13 18:56:51"
"01_离线可直接浏览网站\en\solutions\grid-to-gpu\assessment\index.html","9726","2026-07-13 18:56:51"
"01_离线可直接浏览网站\en\solutions\grid-to-gpu\index.html","9191","2026-07-13 18:56:51"
"01_离线可直接浏览网站\en\solutions\grid-to-wheel\assessment\index.html","9734","2026-07-13 18:56:51"
"01_离线可直接浏览网站\en\solutions\grid-to-wheel\index.html","9336","2026-07-13 18:56:51"
"01_离线可直接浏览网站\en\solutions\index.html","9198","2026-07-13 18:56:51"
"01_离线可直接浏览网站\en\solutions\mission-to-power\assessment\index.html","9746","2026-07-13 18:56:51"
"01_离线可直接浏览网站\en\solutions\mission-to-power\index.html","9322","2026-07-13 18:56:51"
"01_离线可直接浏览网站\en\technology\index.html","13354","2026-07-13 18:56:51"
"01_离线可直接浏览网站\en\technology\industrial-cortex\cortexbox\index.html","11023","2026-07-13 18:56:52"
"01_离线可直接浏览网站\en\technology\industrial-cortex\cortexos\index.html","11006","2026-07-13 18:56:52"
"01_离线可直接浏览网站\en\technology\industrial-cortex\evidence-hash\index.html","11025","2026-07-13 18:56:52"
"01_离线可直接浏览网站\en\technology\industrial-cortex\index.html","10908","2026-07-13 18:56:52"
"01_离线可直接浏览网站\en\technology\industrial-cortex\industrial-cortex-pod\index.html","11101","2026-07-13 18:56:52"
"01_离线可直接浏览网站\en\technology\mobile-energy\index.html","10821","2026-07-13 18:56:51"
"01_离线可直接浏览网站\en\technology\mobile-energy\s10003ppt\index.html","10910","2026-07-13 18:56:51"
"01_离线可直接浏览网站\en\technology\mobile-energy\s1051pcl\index.html","10902","2026-07-13 18:56:51"
"01_离线可直接浏览网站\en\technology\mobile-energy\s20003ppt\index.html","10921","2026-07-13 18:56:52"
"01_离线可直接浏览网站\en\technology\mobile-energy\s2003ptt\index.html","10888","2026-07-13 18:56:51"
"01_离线可直接浏览网站\en\technology\mobile-energy\s2101pbl\index.html","10900","2026-07-13 18:56:51"
"01_离线可直接浏览网站\en\technology\mobile-energy\s3702pst\index.html","10892","2026-07-13 18:56:52"
"01_离线可直接浏览网站\en\technology\mobile-energy\s4301ppl\index.html","10895","2026-07-13 18:56:51"
"01_离线可直接浏览网站\en\technology\mobile-energy\s50001ppl\index.html","10912","2026-07-13 18:56:52"
"01_离线可直接浏览网站\en\technology\powercore-sst\index.html","10785","2026-07-13 18:56:51"
"01_离线可直接浏览网站\en\technology\powercore-sst\sedd-60-m1\index.html","10883","2026-07-13 18:56:51"
"01_离线可直接浏览网站\en\technology\powercore-sst\sepcs-135-m1\index.html","10905","2026-07-13 18:56:51"
"01_离线可直接浏览网站\en\technology\powercore-sst\sesst-10\index.html","10880","2026-07-13 18:56:51"
"01_离线可直接浏览网站\en\technology\thunderbird\index.html","10819","2026-07-13 18:56:51"
"01_离线可直接浏览网站\en\technology\thunderbird\tb-007-13ah\index.html","10914","2026-07-13 18:56:51"
"01_离线可直接浏览网站\en\technology\thunderbird\tb-009-240ah\index.html","10944","2026-07-13 18:56:51"
"01_离线可直接浏览网站\en\technology\thunderbird\tb-qs-04ah-lto\index.html","10986","2026-07-13 18:56:51"
"01_离线可直接浏览网站\en\technology\thunderbird\tb-qs-08ah\index.html","10903","2026-07-13 18:56:51"
"01_离线可直接浏览网站\en\technology\thunderbird\tb-qs-08ah-cold\index.html","10965","2026-07-13 18:56:51"
"01_离线可直接浏览网站\en\technology\wireless-power\index.html","10901","2026-07-13 18:56:52"
"01_离线可直接浏览网站\favicon.svg","718","2026-06-12 18:25:50"
"01_离线可直接浏览网站\file.svg","391","2026-06-12 18:25:50"
"01_离线可直接浏览网站\globe.svg","1035","2026-06-12 18:25:50"
"01_离线可直接浏览网站\index.html","21030","2026-07-13 18:56:47"
"01_离线可直接浏览网站\insights\action\index.html","9418","2026-07-13 18:56:50"
"01_离线可直接浏览网站\insights\index.html","7696","2026-07-13 18:56:50"
"01_离线可直接浏览网站\laidianla\battery-bank\index.html","8114","2026-07-13 18:56:49"
"01_离线可直接浏览网站\laidianla\battery-bank\start\index.html","9538","2026-07-13 18:56:51"
"01_离线可直接浏览网站\laidianla\emergency\index.html","8079","2026-07-13 18:56:49"
"01_离线可直接浏览网站\laidianla\emergency\start\index.html","9526","2026-07-13 18:56:51"
"01_离线可直接浏览网站\laidianla\index.html","11741","2026-07-13 18:56:48"
"01_离线可直接浏览网站\laidianla\mobile-charging\index.html","8107","2026-07-13 18:56:49"
"01_离线可直接浏览网站\laidianla\mobile-charging\start\index.html","9550","2026-07-13 18:56:51"
"01_离线可直接浏览网站\laidianla\partner-network\index.html","8096","2026-07-13 18:56:49"
"01_离线可直接浏览网站\laidianla\partner-network\start\index.html","9550","2026-07-13 18:56:51"
"01_离线可直接浏览网站\laidianla\smart-scrutiny\index.html","8108","2026-07-13 18:56:48"
"01_离线可直接浏览网站\laidianla\smart-scrutiny\start\index.html","9546","2026-07-13 18:56:50"
"01_离线可直接浏览网站\laidianla\smart-servicing\index.html","8116","2026-07-13 18:56:48"
"01_离线可直接浏览网站\laidianla\smart-servicing\start\index.html","9550","2026-07-13 18:56:50"
"01_离线可直接浏览网站\laidianla\smart-stewardship\index.html","8120","2026-07-13 18:56:49"
"01_离线可直接浏览网站\laidianla\smart-stewardship\start\index.html","9558","2026-07-13 18:56:50"
"01_离线可直接浏览网站\laidianla\smart-sustaining\index.html","8106","2026-07-13 18:56:48"
"01_离线可直接浏览网站\laidianla\smart-sustaining\start\index.html","9554","2026-07-13 18:56:50"
"01_离线可直接浏览网站\laidianla\start\index.html","9390","2026-07-13 18:56:48"
"01_离线可直接浏览网站\laidianla\super-truck-station\index.html","8130","2026-07-13 18:56:49"
"01_离线可直接浏览网站\laidianla\super-truck-station\start\index.html","9566","2026-07-13 18:56:50"
"01_离线可直接浏览网站\laidianla\vehicle-ai\index.html","8075","2026-07-13 18:56:49"
"01_离线可直接浏览网站\laidianla\vehicle-ai\start\index.html","9530","2026-07-13 18:56:50"
"01_离线可直接浏览网站\media\action\index.html","9406","2026-07-13 18:56:50"
"01_离线可直接浏览网站\media\index.html","7646","2026-07-13 18:56:50"
"01_离线可直接浏览网站\news\action\index.html","9386","2026-07-13 18:56:50"
"01_离线可直接浏览网站\news\application-framework\index.html","8098","2026-07-13 18:56:50"
"01_离线可直接浏览网站\news\engineering-evidence\index.html","8095","2026-07-13 18:56:50"
"01_离线可直接浏览网站\news\index.html","8834","2026-07-13 18:56:50"
"01_离线可直接浏览网站\news\v6-blueprint\index.html","8047","2026-07-13 18:56:50"
"01_离线可直接浏览网站\offline-manifest.json","27490","2026-07-13 18:56:55"
"01_离线可直接浏览网站\og.png","2006919","2026-07-13 12:49:37"
"01_离线可直接浏览网站\README_离线浏览说明.txt","504","2026-07-13 18:56:55"
"01_离线可直接浏览网站\solutions\assessment\index.html","9407","2026-07-13 18:56:47"
"01_离线可直接浏览网站\solutions\grid-to-gpu\assessment\index.html","9551","2026-07-13 18:56:47"
"01_离线可直接浏览网站\solutions\grid-to-gpu\index.html","9038","2026-07-13 18:56:47"
"01_离线可直接浏览网站\solutions\grid-to-wheel\assessment\index.html","9559","2026-07-13 18:56:47"
"01_离线可直接浏览网站\solutions\grid-to-wheel\index.html","9181","2026-07-13 18:56:47"
"01_离线可直接浏览网站\solutions\index.html","9109","2026-07-13 18:56:47"
"01_离线可直接浏览网站\solutions\mission-to-power\assessment\index.html","9571","2026-07-13 18:56:47"
"01_离线可直接浏览网站\solutions\mission-to-power\index.html","9161","2026-07-13 18:56:47"
"01_离线可直接浏览网站\technology\index.html","13064","2026-07-13 18:56:47"
"01_离线可直接浏览网站\technology\industrial-cortex\cortexbox\index.html","10675","2026-07-13 18:56:48"
"01_离线可直接浏览网站\technology\industrial-cortex\cortexos\index.html","10658","2026-07-13 18:56:48"
"01_离线可直接浏览网站\technology\industrial-cortex\evidence-hash\index.html","10677","2026-07-13 18:56:48"
"01_离线可直接浏览网站\technology\industrial-cortex\index.html","10578","2026-07-13 18:56:48"
"01_离线可直接浏览网站\technology\industrial-cortex\industrial-cortex-pod\index.html","10753","2026-07-13 18:56:48"
"01_离线可直接浏览网站\technology\mobile-energy\index.html","10467","2026-07-13 18:56:48"
"01_离线可直接浏览网站\technology\mobile-energy\s10003ppt\index.html","10547","2026-07-13 18:56:48"
"01_离线可直接浏览网站\technology\mobile-energy\s1051pcl\index.html","10540","2026-07-13 18:56:48"
"01_离线可直接浏览网站\technology\mobile-energy\s20003ppt\index.html","10551","2026-07-13 18:56:48"
"01_离线可直接浏览网站\technology\mobile-energy\s2003ptt\index.html","10532","2026-07-13 18:56:48"
"01_离线可直接浏览网站\technology\mobile-energy\s2101pbl\index.html","10539","2026-07-13 18:56:48"
"01_离线可直接浏览网站\technology\mobile-energy\s3702pst\index.html","10525","2026-07-13 18:56:48"
"01_离线可直接浏览网站\technology\mobile-energy\s4301ppl\index.html","10535","2026-07-13 18:56:48"
"01_离线可直接浏览网站\technology\mobile-energy\s50001ppl\index.html","10552","2026-07-13 18:56:48"
"01_离线可直接浏览网站\technology\powercore-sst\index.html","10443","2026-07-13 18:56:47"
"01_离线可直接浏览网站\technology\powercore-sst\sedd-60-m1\index.html","10541","2026-07-13 18:56:47"
"01_离线可直接浏览网站\technology\powercore-sst\sepcs-135-m1\index.html","10563","2026-07-13 18:56:47"
"01_离线可直接浏览网站\technology\powercore-sst\sesst-10\index.html","10538","2026-07-13 18:56:47"
"01_离线可直接浏览网站\technology\thunderbird\index.html","10470","2026-07-13 18:56:47"
"01_离线可直接浏览网站\technology\thunderbird\tb-007-13ah\index.html","10572","2026-07-13 18:56:47"
"01_离线可直接浏览网站\technology\thunderbird\tb-009-240ah\index.html","10602","2026-07-13 18:56:47"
"01_离线可直接浏览网站\technology\thunderbird\tb-qs-04ah-lto\index.html","10644","2026-07-13 18:56:47"
"01_离线可直接浏览网站\technology\thunderbird\tb-qs-08ah\index.html","10561","2026-07-13 18:56:47"
"01_离线可直接浏览网站\technology\thunderbird\tb-qs-08ah-cold\index.html","10623","2026-07-13 18:56:47"
"01_离线可直接浏览网站\technology\wireless-power\index.html","10559","2026-07-13 18:56:48"
"01_离线可直接浏览网站\window.svg","385","2026-06-12 18:25:50"
"02_完整工程源码\.gitignore","754","2026-07-12 07:54:48"
"02_完整工程源码\.openai\hosting.json","91","2026-07-13 16:04:50"
"02_完整工程源码\app\[...slug]\page.tsx","2430","2026-07-13 12:09:26"
"02_完整工程源码\app\chatgpt-auth.ts","2490","2026-06-29 19:11:16"
"02_完整工程源码\app\globals.css","22128","2026-07-12 22:56:48"
"02_完整工程源码\app\layout.tsx","2254","2026-07-13 12:07:53"
"02_完整工程源码\app\not-found.tsx","597","2026-07-13 13:06:01"
"02_完整工程源码\app\page.tsx","339","2026-07-13 11:59:57"
"02_完整工程源码\app\robots.ts","272","2026-07-13 12:02:07"
"02_完整工程源码\app\sitemap.ts","1149","2026-07-13 12:02:06"
"02_完整工程源码\app\site-routes.ts","3224","2026-07-13 13:27:59"
"02_完整工程源码\app\v6.css","3651","2026-07-13 12:09:27"
"02_完整工程源码\app\V6Site.tsx","69737","2026-07-13 13:04:31"
"02_完整工程源码\build\sites-vite-plugin.ts","1299","2026-06-12 18:25:50"
"02_完整工程源码\db\index.ts","436","2026-06-12 18:25:50"
"02_完整工程源码\db\schema.ts","1758","2026-07-12 00:31:28"
"02_完整工程源码\drizzle.config.ts","155","2026-06-12 18:25:50"
"02_完整工程源码\drizzle\0000_flat_stick.sql","1367","2026-07-12 05:51:12"
"02_完整工程源码\drizzle\meta\_journal.json","200","2026-07-12 05:51:12"
"02_完整工程源码\drizzle\meta\0000_snapshot.json","5837","2026-07-12 05:51:12"
"02_完整工程源码\eslint.config.mjs","483","2026-06-12 18:25:50"
"02_完整工程源码\next.config.ts","140","2026-06-12 18:25:50"
"02_完整工程源码\package.json","1084","2026-07-12 07:59:40"
"02_完整工程源码\pnpm-lock.yaml","225975","2026-07-12 05:24:38"
"02_完整工程源码\pnpm-workspace.yaml","81","2026-07-12 05:38:40"
"02_完整工程源码\postcss.config.mjs","101","2026-06-12 18:25:50"
"02_完整工程源码\public\assets\cortex\cortex-01.png","1998543","2026-07-02 09:45:28"
"02_完整工程源码\public\assets\cortex\cortex-02.png","1574253","2026-07-02 09:45:34"
"02_完整工程源码\public\assets\cortex\cortex-03.png","1589325","2026-07-02 09:45:40"
"02_完整工程源码\public\assets\cortex\cortex-04.png","1924032","2026-07-02 09:45:44"
"02_完整工程源码\public\assets\cortex\cortex-05.png","1882647","2026-07-02 09:45:48"
"02_完整工程源码\public\assets\cortex\cortex-06.png","2032905","2026-07-02 09:45:58"
"02_完整工程源码\public\assets\cortex\cortex-07.png","1624471","2026-07-02 09:46:02"
"02_完整工程源码\public\assets\cortex\cortex-08.png","1783650","2026-07-02 09:46:08"
"02_完整工程源码\public\assets\cortex\cortex-09.png","1832137","2026-07-02 10:06:06"
"02_完整工程源码\public\assets\cortex\cortex-10.png","1636978","2026-07-02 10:06:08"
"02_完整工程源码\public\assets\cortex\cortex-11.png","2122425","2026-07-02 10:06:14"
"02_完整工程源码\public\assets\cortex\cortex-12.webp","59828","2026-07-11 17:51:10"
"02_完整工程源码\public\assets\cortex\cortex-13.png","1496958","2026-07-02 10:06:20"
"02_完整工程源码\public\assets\cortex\cortex-14.png","1936568","2026-07-02 10:06:24"
"02_完整工程源码\public\assets\cortex\cortex-15.png","1717379","2026-07-02 10:06:30"
"02_完整工程源码\public\assets\cortex\cortex-15.webp","52268","2026-07-11 17:51:10"
"02_完整工程源码\public\assets\cortex\cortex-16.webp","97142","2026-07-11 17:51:10"
"02_完整工程源码\public\assets\cortex\cortex-17.png","1993324","2026-07-02 10:06:40"
"02_完整工程源码\public\assets\cortex\cortex-18.webp","42780","2026-07-11 17:51:10"
"02_完整工程源码\public\assets\editorial\compute-base.jpg","1718913","2026-07-10 22:43:18"
"02_完整工程源码\public\assets\editorial\compute-hero.jpg","413613","2026-07-11 01:29:38"
"02_完整工程源码\public\assets\editorial\energyos-lab.jpg","520822","2026-07-11 01:29:42"
"02_完整工程源码\public\assets\editorial\extreme-hero.jpg","423312","2026-07-11 01:29:40"
"02_完整工程源码\public\assets\editorial\fixed-product-matrix.jpg","452803","2026-07-11 01:29:46"
"02_完整工程源码\public\assets\editorial\heavy-hero.jpg","155222","2026-07-11 01:33:00"
"02_完整工程源码\public\assets\editorial\heavy-operations.jpg","145970","2026-07-11 01:29:40"
"02_完整工程源码\public\assets\editorial\hero-factory.jpg","2182596","2026-07-10 22:43:18"
"02_完整工程源码\public\assets\editorial\mobile-network.jpg","447624","2026-07-11 01:29:42"
"02_完整工程源码\public\assets\editorial\mobile-product-matrix.jpg","354017","2026-07-11 01:29:44"
"02_完整工程源码\public\assets\editorial\mobile-service.jpg","574938","2026-07-11 01:29:42"
"02_完整工程源码\public\assets\editorial\mobile-truck.jpg","118012","2026-07-10 22:43:18"
"02_完整工程源码\public\assets\editorial\network.jpg","199111","2026-07-10 22:43:18"
"02_完整工程源码\public\assets\editorial\platform-hero.jpg","132061","2026-07-11 01:33:00"
"02_完整工程源码\public\assets\editorial\sst.jpg","156798","2026-07-10 22:43:20"
"02_完整工程源码\public\assets\editorial\sst-hero.jpg","208203","2026-07-11 01:29:40"
"02_完整工程源码\public\assets\editorial\storage-station.jpg","226139","2026-07-10 22:43:18"
"02_完整工程源码\public\assets\editorial\super-station.jpg","169749","2026-07-10 22:43:18"
"02_完整工程源码\public\assets\editorial\thunderbird.jpg","148227","2026-07-10 22:43:20"
"02_完整工程源码\public\assets\editorial\thunderbird-hero.jpg","418299","2026-07-11 01:29:40"
"02_完整工程源码\public\assets\heavy-cases\49.jpg","84747","2026-07-11 17:51:06"
"02_完整工程源码\public\assets\heavy-cases\50.jpg","66794","2026-07-11 17:51:06"
"02_完整工程源码\public\assets\heavy-cases\51.jpg","71407","2026-07-11 17:51:06"
"02_完整工程源码\public\assets\heavy-cases\52.jpg","69760","2026-07-11 17:51:06"
"02_完整工程源码\public\assets\heavy-cases\53.jpg","84202","2026-07-11 17:51:06"
"02_完整工程源码\public\assets\heavy-cases\54.jpg","73014","2026-07-11 17:51:06"
"02_完整工程源码\public\assets\heavy-cases\55.jpg","171241","2026-07-11 17:51:06"
"02_完整工程源码\public\assets\heavy-cases\56.jpg","72799","2026-07-11 17:51:06"
"02_完整工程源码\public\assets\heavy-cases\57.jpg","74298","2026-07-11 17:51:06"
"02_完整工程源码\public\assets\heavy-cases\58.jpg","76943","2026-07-11 17:51:08"
"02_完整工程源码\public\assets\heavy-cases\59.jpg","71245","2026-07-11 17:51:08"
"02_完整工程源码\public\assets\heavy-cases\60.jpg","83775","2026-07-11 17:51:08"
"02_完整工程源码\public\assets\heavy-cases\61.jpg","67698","2026-07-11 17:51:08"
"02_完整工程源码\public\assets\heavy-cases\62.jpg","82265","2026-07-11 17:51:08"
"02_完整工程源码\public\assets\heavy-cases\63.jpg","77841","2026-07-11 17:51:08"
"02_完整工程源码\public\assets\heavy-cases\64.jpg","94321","2026-07-11 17:51:08"
"02_完整工程源码\public\assets\heavy-cases\65.jpg","129156","2026-07-11 17:51:08"
"02_完整工程源码\public\assets\official\contact-qr.png","49051","2026-07-11 22:28:52"
"02_完整工程源码\public\assets\official\engineering-team.png","3485701","2026-07-11 22:29:10"
"02_完整工程源码\public\assets\official\sebo-laidianla-lockup.png","30898","2026-07-11 22:28:58"
"02_完整工程源码\public\assets\official\team-culture.png","6131519","2026-07-11 22:29:04"
"02_完整工程源码\public\assets\official\thunderbird-product.png","2020771","2026-07-11 22:29:16"
"02_完整工程源码\public\assets\v6\battery-lab.webp","118310","2026-07-13 11:34:48"
"02_完整工程源码\public\assets\v6\city-charging-night.webp","266796","2026-07-13 11:34:44"
"02_完整工程源码\public\assets\v6\city-energy-hub.webp","190206","2026-07-13 11:34:43"
"02_完整工程源码\public\assets\v6\co-design.webp","164544","2026-07-13 11:34:42"
"02_完整工程源码\public\assets\v6\data-center.webp","292096","2026-07-13 11:34:46"
"02_完整工程源码\public\assets\v6\extreme-robotics.webp","243876","2026-07-13 11:34:47"
"02_完整工程源码\public\assets\v6\logistics-mobile.webp","150302","2026-07-13 11:34:45"
"02_完整工程源码\public\assets\v6\mine-energy.webp","197620","2026-07-13 11:34:43"
"02_完整工程源码\public\assets\v6\mine-truck.webp","134256","2026-07-13 11:34:46"
"02_完整工程源码\public\assets\v6\mobile-compute.webp","169864","2026-07-13 11:34:46"
"02_完整工程源码\public\assets\v6\mobile-service.webp","294566","2026-07-13 11:34:45"
"02_完整工程源码\public\assets\v6\platform-architecture.webp","143090","2026-07-13 11:34:44"
"02_完整工程源码\public\assets\v6\polar-autonomy.webp","222982","2026-07-13 11:34:43"
"02_完整工程源码\public\assets\v6\polar-base.webp","124948","2026-07-13 11:34:47"
"02_完整工程源码\public\assets\v6\smart-factory.webp","202370","2026-07-13 11:34:48"
"02_完整工程源码\public\assets\v6\team-factory.webp","243718","2026-07-13 11:34:42"
"02_完整工程源码\public\assets\v6\team-office.webp","119658","2026-07-13 11:34:41"
"02_完整工程源码\public\assets\v6\team-outdoor.webp","130552","2026-07-13 11:34:41"
"02_完整工程源码\public\favicon.svg","718","2026-06-12 18:25:50"
"02_完整工程源码\public\file.svg","391","2026-06-12 18:25:50"
"02_完整工程源码\public\globe.svg","1035","2026-06-12 18:25:50"
"02_完整工程源码\public\og.png","2006919","2026-07-13 12:49:37"
"02_完整工程源码\public\window.svg","385","2026-06-12 18:25:50"
"02_完整工程源码\README.md","1818","2026-07-13 12:42:52"
"02_完整工程源码\scripts\package-site-windows.ps1","1994","2026-07-11 11:14:18"
"02_完整工程源码\scripts\prepare-v6-assets.py","1605","2026-07-13 11:32:34"
"02_完整工程源码\tsconfig.json","700","2026-06-12 18:25:50"
"02_完整工程源码\vite.config.ts","1756","2026-07-10 13:19:04"
"02_完整工程源码\worker\index.ts","12731","2026-07-13 13:27:59"
"03_部署构建产物\.openai\hosting.json","91","2026-07-13 16:04:50"
"03_部署构建产物\dist\.openai\drizzle\0000_flat_stick.sql","1367","2026-07-12 05:51:12"
"03_部署构建产物\dist\.openai\drizzle\meta\_journal.json","200","2026-07-12 05:51:12"
"03_部署构建产物\dist\.openai\drizzle\meta\0000_snapshot.json","5837","2026-07-12 05:51:12"
"03_部署构建产物\dist\.openai\hosting.json","91","2026-07-13 16:04:50"
"03_部署构建产物\dist\client\.assetsignore","24","2026-07-13 16:19:34"
"03_部署构建产物\dist\client\.vite\manifest.json","3075","2026-07-13 16:19:34"
"03_部署构建产物\dist\client\_headers","125","2026-07-13 16:19:34"
"03_部署构建产物\dist\client\assets\cortex\cortex-01.png","1998543","2026-07-02 09:45:28"
"03_部署构建产物\dist\client\assets\cortex\cortex-02.png","1574253","2026-07-02 09:45:34"
"03_部署构建产物\dist\client\assets\cortex\cortex-03.png","1589325","2026-07-02 09:45:40"
"03_部署构建产物\dist\client\assets\cortex\cortex-04.png","1924032","2026-07-02 09:45:44"
"03_部署构建产物\dist\client\assets\cortex\cortex-05.png","1882647","2026-07-02 09:45:48"
"03_部署构建产物\dist\client\assets\cortex\cortex-06.png","2032905","2026-07-02 09:45:58"
"03_部署构建产物\dist\client\assets\cortex\cortex-07.png","1624471","2026-07-02 09:46:02"
"03_部署构建产物\dist\client\assets\cortex\cortex-08.png","1783650","2026-07-02 09:46:08"
"03_部署构建产物\dist\client\assets\cortex\cortex-09.png","1832137","2026-07-02 10:06:06"
"03_部署构建产物\dist\client\assets\cortex\cortex-10.png","1636978","2026-07-02 10:06:08"
"03_部署构建产物\dist\client\assets\cortex\cortex-11.png","2122425","2026-07-02 10:06:14"
"03_部署构建产物\dist\client\assets\cortex\cortex-12.webp","59828","2026-07-11 17:51:10"
"03_部署构建产物\dist\client\assets\cortex\cortex-13.png","1496958","2026-07-02 10:06:20"
"03_部署构建产物\dist\client\assets\cortex\cortex-14.png","1936568","2026-07-02 10:06:24"
"03_部署构建产物\dist\client\assets\cortex\cortex-15.png","1717379","2026-07-02 10:06:30"
"03_部署构建产物\dist\client\assets\cortex\cortex-15.webp","52268","2026-07-11 17:51:10"
"03_部署构建产物\dist\client\assets\cortex\cortex-16.webp","97142","2026-07-11 17:51:10"
"03_部署构建产物\dist\client\assets\cortex\cortex-17.png","1993324","2026-07-02 10:06:40"
"03_部署构建产物\dist\client\assets\cortex\cortex-18.webp","42780","2026-07-11 17:51:10"
"03_部署构建产物\dist\client\assets\editorial\compute-base.jpg","1718913","2026-07-10 22:43:18"
"03_部署构建产物\dist\client\assets\editorial\compute-hero.jpg","413613","2026-07-11 01:29:38"
"03_部署构建产物\dist\client\assets\editorial\energyos-lab.jpg","520822","2026-07-11 01:29:42"
"03_部署构建产物\dist\client\assets\editorial\extreme-hero.jpg","423312","2026-07-11 01:29:40"
"03_部署构建产物\dist\client\assets\editorial\fixed-product-matrix.jpg","452803","2026-07-11 01:29:46"
"03_部署构建产物\dist\client\assets\editorial\heavy-hero.jpg","155222","2026-07-11 01:33:00"
"03_部署构建产物\dist\client\assets\editorial\heavy-operations.jpg","145970","2026-07-11 01:29:40"
"03_部署构建产物\dist\client\assets\editorial\hero-factory.jpg","2182596","2026-07-10 22:43:18"
"03_部署构建产物\dist\client\assets\editorial\mobile-network.jpg","447624","2026-07-11 01:29:42"
"03_部署构建产物\dist\client\assets\editorial\mobile-product-matrix.jpg","354017","2026-07-11 01:29:44"
"03_部署构建产物\dist\client\assets\editorial\mobile-service.jpg","574938","2026-07-11 01:29:42"
"03_部署构建产物\dist\client\assets\editorial\mobile-truck.jpg","118012","2026-07-10 22:43:18"
"03_部署构建产物\dist\client\assets\editorial\network.jpg","199111","2026-07-10 22:43:18"
"03_部署构建产物\dist\client\assets\editorial\platform-hero.jpg","132061","2026-07-11 01:33:00"
"03_部署构建产物\dist\client\assets\editorial\sst.jpg","156798","2026-07-10 22:43:20"
"03_部署构建产物\dist\client\assets\editorial\sst-hero.jpg","208203","2026-07-11 01:29:40"
"03_部署构建产物\dist\client\assets\editorial\storage-station.jpg","226139","2026-07-10 22:43:18"
"03_部署构建产物\dist\client\assets\editorial\super-station.jpg","169749","2026-07-10 22:43:18"
"03_部署构建产物\dist\client\assets\editorial\thunderbird.jpg","148227","2026-07-10 22:43:20"
"03_部署构建产物\dist\client\assets\editorial\thunderbird-hero.jpg","418299","2026-07-11 01:29:40"
"03_部署构建产物\dist\client\assets\framework-CXnKph_e.js","189805","2026-07-13 16:19:34"
"03_部署构建产物\dist\client\assets\heavy-cases\49.jpg","84747","2026-07-11 17:51:06"
"03_部署构建产物\dist\client\assets\heavy-cases\50.jpg","66794","2026-07-11 17:51:06"
"03_部署构建产物\dist\client\assets\heavy-cases\51.jpg","71407","2026-07-11 17:51:06"
"03_部署构建产物\dist\client\assets\heavy-cases\52.jpg","69760","2026-07-11 17:51:06"
"03_部署构建产物\dist\client\assets\heavy-cases\53.jpg","84202","2026-07-11 17:51:06"
"03_部署构建产物\dist\client\assets\heavy-cases\54.jpg","73014","2026-07-11 17:51:06"
"03_部署构建产物\dist\client\assets\heavy-cases\55.jpg","171241","2026-07-11 17:51:06"
"03_部署构建产物\dist\client\assets\heavy-cases\56.jpg","72799","2026-07-11 17:51:06"
"03_部署构建产物\dist\client\assets\heavy-cases\57.jpg","74298","2026-07-11 17:51:06"
"03_部署构建产物\dist\client\assets\heavy-cases\58.jpg","76943","2026-07-11 17:51:08"
"03_部署构建产物\dist\client\assets\heavy-cases\59.jpg","71245","2026-07-11 17:51:08"
"03_部署构建产物\dist\client\assets\heavy-cases\60.jpg","83775","2026-07-11 17:51:08"
"03_部署构建产物\dist\client\assets\heavy-cases\61.jpg","67698","2026-07-11 17:51:08"
"03_部署构建产物\dist\client\assets\heavy-cases\62.jpg","82265","2026-07-11 17:51:08"
"03_部署构建产物\dist\client\assets\heavy-cases\63.jpg","77841","2026-07-11 17:51:08"
"03_部署构建产物\dist\client\assets\heavy-cases\64.jpg","94321","2026-07-11 17:51:08"
"03_部署构建产物\dist\client\assets\heavy-cases\65.jpg","129156","2026-07-11 17:51:08"
"03_部署构建产物\dist\client\assets\index-BLtXg3zt.js","81095","2026-07-13 16:19:34"
"03_部署构建产物\dist\client\assets\index-R8IqOSvT.css","24789","2026-07-13 16:19:34"
"03_部署构建产物\dist\client\assets\layout-segment-context-DjFvOLFz.js","288","2026-07-13 16:19:34"
"03_部署构建产物\dist\client\assets\link-CknOW3JF.js","8132","2026-07-13 16:19:34"
"03_部署构建产物\dist\client\assets\official\contact-qr.png","49051","2026-07-11 22:28:52"
"03_部署构建产物\dist\client\assets\official\engineering-team.png","3485701","2026-07-11 22:29:10"
"03_部署构建产物\dist\client\assets\official\sebo-laidianla-lockup.png","30898","2026-07-11 22:28:58"
"03_部署构建产物\dist\client\assets\official\team-culture.png","6131519","2026-07-11 22:29:04"
"03_部署构建产物\dist\client\assets\official\thunderbird-product.png","2020771","2026-07-11 22:29:16"
"03_部署构建产物\dist\client\assets\query-D2V9OaoK.js","1564","2026-07-13 16:19:34"
"03_部署构建产物\dist\client\assets\rolldown-runtime-S-ySWqyJ.js","694","2026-07-13 16:19:34"
"03_部署构建产物\dist\client\assets\router-CA0Z9DKG.js","9065","2026-07-13 16:19:34"
"03_部署构建产物\dist\client\assets\v6\battery-lab.webp","118310","2026-07-13 11:34:48"
"03_部署构建产物\dist\client\assets\v6\city-charging-night.webp","266796","2026-07-13 11:34:44"
"03_部署构建产物\dist\client\assets\v6\city-energy-hub.webp","190206","2026-07-13 11:34:43"
"03_部署构建产物\dist\client\assets\v6\co-design.webp","164544","2026-07-13 11:34:42"
"03_部署构建产物\dist\client\assets\v6\data-center.webp","292096","2026-07-13 11:34:46"
"03_部署构建产物\dist\client\assets\v6\extreme-robotics.webp","243876","2026-07-13 11:34:47"
"03_部署构建产物\dist\client\assets\v6\logistics-mobile.webp","150302","2026-07-13 11:34:45"
"03_部署构建产物\dist\client\assets\v6\mine-energy.webp","197620","2026-07-13 11:34:43"
"03_部署构建产物\dist\client\assets\v6\mine-truck.webp","134256","2026-07-13 11:34:46"
"03_部署构建产物\dist\client\assets\v6\mobile-compute.webp","169864","2026-07-13 11:34:46"
"03_部署构建产物\dist\client\assets\v6\mobile-service.webp","294566","2026-07-13 11:34:45"
"03_部署构建产物\dist\client\assets\v6\platform-architecture.webp","143090","2026-07-13 11:34:44"
"03_部署构建产物\dist\client\assets\v6\polar-autonomy.webp","222982","2026-07-13 11:34:43"
"03_部署构建产物\dist\client\assets\v6\polar-base.webp","124948","2026-07-13 11:34:47"
"03_部署构建产物\dist\client\assets\v6\smart-factory.webp","202370","2026-07-13 11:34:48"
"03_部署构建产物\dist\client\assets\v6\team-factory.webp","243718","2026-07-13 11:34:42"
"03_部署构建产物\dist\client\assets\v6\team-office.webp","119658","2026-07-13 11:34:41"
"03_部署构建产物\dist\client\assets\v6\team-outdoor.webp","130552","2026-07-13 11:34:41"
"03_部署构建产物\dist\client\assets\V6Site-j4BbOZJ8.js","65312","2026-07-13 16:19:34"
"03_部署构建产物\dist\client\favicon.svg","718","2026-06-12 18:25:50"
"03_部署构建产物\dist\client\file.svg","391","2026-06-12 18:25:50"
"03_部署构建产物\dist\client\globe.svg","1035","2026-06-12 18:25:50"
"03_部署构建产物\dist\client\og.png","2006919","2026-07-13 12:49:37"
"03_部署构建产物\dist\client\window.svg","385","2026-06-12 18:25:50"
"03_部署构建产物\dist\server\.vite\manifest.json","282","2026-07-13 16:19:34"
"03_部署构建产物\dist\server\__vite_rsc_assets_manifest.js","1381","2026-07-13 16:19:35"
"03_部署构建产物\dist\server\assets\index-R8IqOSvT.css","24789","2026-07-13 16:19:34"
"03_部署构建产物\dist\server\image-config.json","2","2026-07-13 16:19:34"
"03_部署构建产物\dist\server\index.js","657679","2026-07-13 16:19:34"
"03_部署构建产物\dist\server\ssr\__vite_rsc_assets_manifest.js","1381","2026-07-13 16:19:35"
"03_部署构建产物\dist\server\ssr\assets\error-boundary-CO5u0nNK.js","8578","2026-07-13 16:19:35"
"03_部署构建产物\dist\server\ssr\assets\layout-segment-context-DkzB2RwI.js","1821","2026-07-13 16:19:35"
"03_部署构建产物\dist\server\ssr\assets\link-DRLvG-em.js","20720","2026-07-13 16:19:35"
"03_部署构建产物\dist\server\ssr\assets\query-CB2gbzOG.js","4714","2026-07-13 16:19:35"
"03_部署构建产物\dist\server\ssr\assets\router-CFt52GVu.js","23586","2026-07-13 16:19:35"
"03_部署构建产物\dist\server\ssr\assets\V6Site-D1fVdcYX.js","99326","2026-07-13 16:19:35"
"03_部署构建产物\dist\server\ssr\index.js","587668","2026-07-13 16:19:35"
"03_部署构建产物\dist\server\ssr\vinext-server.json","86","2026-07-13 16:19:35"
"03_部署构建产物\dist\server\vinext-externals.json","3","2026-07-13 16:19:35"
"03_部署构建产物\dist\server\vinext-server.json","86","2026-07-13 16:19:34"
"03_部署构建产物\dist\server\wrangler.json","1293","2026-07-13 16:19:34"
"03_部署构建产物\sebo-sites-deployment.tar","55145483","2026-07-13 17:07:01"
"04_验收与路由清单\版本与发布信息.txt","766","2026-07-13 19:10:48"
"04_验收与路由清单\关键文件SHA256.txt","488","2026-07-13 19:14:32"
"04_验收与路由清单\完整路由清单.txt","5955","2026-07-13 19:14:31"
"04_验收与路由清单\验收摘要.txt","1320","2026-07-13 19:10:51"
"打开_SEBO_V6_离线预览.cmd","153","2026-07-13 19:14:31"
"打开_SEBO_V6_线上预览.url","80","2026-07-13 19:10:46"
